Andrew's Tarn,AndrewsTarn.JPG
Bear Lake,BearLake.JPG
Bierstadt Lake,BierstadtLake.jpg
Black Lake,BlackLake.JPG
Blue Lake,BlueLake.JPG
Bluebird Lake,BluebirdLake.JPG
Box Lake,BoxLake.JPG
Chipmunk Lake,ChipmunkLake.JPG
Crystal Lake,CrystalLake.JPG
Cub Lake,CubLake.JPG
Dream Lake,DreamLake.JPG
Eagle Lake,EagleLake.JPG
Embryo Lake,EmbryoLake.JPG
Emerald Lake,EmeraldLake.jpeg
Fern Lake,FernLake.JPG
Fifth Lake,FifthLake.jpg
Finch Lake,FinchLake.JPG
Fourth Lake,FourthLake.JPG
Frozen Lake,FrozenLake.JPG
Gem Lake,GemLake.JPG
Green Lake,GreenLake.JPG
Haynach Lake,HaynachLakes.JPG
Jewel Lake,JewelLake.jpeg
Lark Pond,LarkPond.JPG
Lake Haiyaha,LakeHaiyaha.JPG
Lake Helene,LakeHelene.JPG
Lake Nanita,LakeNanita.JPG
Lake Nokoni,LakeNokoni.JPG
Lake of Glass,LakeOfGlass.jpg
Lake Verna,LakeVerna.JPG
Lawn Lake,LawnLake.JPG
Lion Lake 1,LionLake1.JPG
Lion Lake 2,LionLake2.JPG
Little Crystal Lake,LittleCrystalLake.JPG
Lone Pine Lake,LonePineLake.jpg
Mills Lake,MillsLake.jpg
Nymph Lake,NymphLake.JPG
Odessa Lake,OdessaLake.jpeg
Ouzel Lake,OuzelLake.JPG
Pear Lake,PearLake.JPG
Pipit Lake,PipitLake.JPG
Poudre Lake,PoudreLake.JPG
Ptarmigan Tarn,PtarmiganTarn.JPG
Sandbeach Lake,SandbeachLake.JPG
Shelf Lake,ShelfLake.JPG
Sky Pond,SkyPond.JPG
Snowbank Lake,SnowbankLake.JPG
Solitude Lake,SolitudeLake.JPG
Spirit Lake,SpiritLake.JPG
Spruce Lake,SpruceLake.JPG
The Loch,TheLoch.JPG
The Pool,ThePool.JPG
Thunder Lake,ThunderLake.JPG
Tourmaline Lake,TourmalineLake.JPG
Two Rivers Lake,TwoRiversLake.JPG
Ypsilon Lake,YpsilonLake.JPG
Chasm Lake,ChasmLake.jpeg
Peacock Pond,PeacockPond.jpeg
Sprague Lake,SpragueLake.JPG
Lily Lake,LilyLake.JPG
Sheep Lakes,SheepLakes.JPG
Twin Lake (Upper),UpperTwinLake.JPG
Twin Lake (Lower),LowerTwinLake.JPG
Copeland Lake,CopelandLake.JPG